Stakeholder ID,Name,Title,Department,Organization,Role on Project,Interest Level,Influence Level,Support Level,Key Concerns,Needs / Expectations,Preferred Communication,Communication Frequency,Engagement Strategy,Action Owner,Notes
STK-001,Executive Sponsor,[VP / C-Suite],Executive,Internal,Decision Maker and Champion,High,High,Supportive,ROI and strategic value delivery; reputational risk; timeline adherence,Regular executive briefings; clear escalation path; quantified business outcomes,Executive summary report; verbal briefing,Monthly (written) / As-needed (verbal),Collaborate — keep closely informed; involve in key decisions; use as escalation authority,Project Manager,Quarterly steering committee attendance required
STK-002,Business Owner,[Director],Operations,Internal,Accountable Business Lead,High,High,Supportive,Operational disruption during transition; team capacity impact; solution fit for business,Early involvement in requirements; training for team; minimal disruption to operations,Weekly status update; face-to-face working sessions,Weekly,Collaborate — co-design solutions; validate requirements; involve in UAT sign-off,Business Analyst,Primary requirements contact
STK-003,IT Director,[Director],Information Technology,Internal,Technical Authority,High,High,Neutral,Technical architecture integrity; security and compliance; IT team capacity,Technical design review participation; clear integration requirements; documented architecture decisions,Technical briefing document; team meetings,Bi-weekly,Consult — engage early on technical design; involve in architecture decisions,Technical Lead,Potential resistance to scope; manage proactively
STK-004,End Users,[Various titles],Multiple departments,Internal,Primary System Users,High,Medium,Resistant,Impact on daily work; learning curve; job security concerns,Adequate training; input into design; visible support from management,Department meetings; training sessions; FAQ document,Monthly (info) / Weekly during UAT,Involve — engage as change champions; include in UAT; gather feedback actively,Change Manager,Critical for adoption success. Resistance likely without early engagement.
STK-005,Finance Controller,[Controller],Finance,Internal,Budget Authority,Medium,High,Supportive,Budget adherence; financial reporting impact; audit compliance,Monthly budget vs. actual report; advance notice of budget risks; clear financial benefits,Monthly budget report; formal change requests,Monthly,Inform — provide financial reporting; escalate budget risks immediately,Project Manager,Sign-off required for any budget change > $10K
STK-006,Privacy Officer,[Privacy Officer / Legal],Legal / Compliance,Internal,Compliance Advisor,Low,High,Neutral,FIPPA / PIPEDA compliance; data handling practices; Privacy Impact Assessment completion,PIA conducted before go-live; privacy requirements included in design; documented data flows,Formal written communication; review meetings,As needed (milestone-triggered),Consult — engage for PIA; review data handling requirements; obtain sign-off before go-live,Business Analyst,Non-negotiable compliance gate
STK-007,Vendor Project Manager,[PM Title],Vendor,External,Delivery Partner,High,Medium,Supportive,Clear requirements; timely decisions; payment on schedule,Weekly progress meetings; clear acceptance criteria; prompt issue resolution,Weekly status call; written status report,Weekly,Collaborate — structured governance; hold to contractual milestones; document all commitments in writing,Project Manager,Contract SLAs enforced through formal issue log
STK-008,HR Director,[Director],Human Resources,Internal,People Change Lead,Medium,Medium,Supportive,Staff training and readiness; union / policy implications; change impact on roles,Early notification of role impacts; training plan; change communications,HR-specific briefings; project updates,Monthly,Consult — involve in change impact assessment; co-develop training plan; brief on role changes,Change Manager,Involves role change for 3 administrative positions. HR must be briefed in Month 2.
STK-009,CIO / CISO,[CIO / CISO],IT / Security,Internal,Security and Architecture Authority,Low,High,Neutral,Security architecture; access control design; infrastructure capacity,Security design review; access governance plan; infrastructure sign-off,Formal architecture review; written approvals,As needed (milestone-triggered),Consult — engage for security architecture review; obtain written approval for infrastructure changes,Technical Lead,Required approval gate before development begins
STK-010,External Auditor,[Auditor],External Audit Firm,External,Compliance Reviewer,Low,Medium,Neutral,Audit trail integrity; control environment; documentation quality,Clear audit trail; documented controls; accessible project records,Formal written reports; audit meeting,Annually / At project close,Inform — ensure documentation is audit-ready; maintain decision log; provide access to key records on request,Project Manager,Relevant for regulated environments (finance, education, government)
